"Sample_ID","Age","BMI","Country","Group","BMI_class"
"SRR6267517",24,29.7,"Colombia","Pre-diabetic","Overweight"
"SRR6267450",27,37.4,"Colombia","Non-diabetic","Severe"
"SRR6267686",47,31.3,"Colombia","Pre-diabetic","Obese"
"SRR6267610",38,33.9,"Colombia","Non-diabetic","Obese"
"SRR6267420",37,41.8,"Colombia","Diabetic","Severe"
"SRR6267498",35,25.4,"Colombia","Pre-diabetic","Overweight"
"SRR6267807",57,27.8,"Colombia","Non-diabetic","Overweight"
"SRR6267605",60,27.7,"Colombia","Non-diabetic","Overweight"
"SRR6267439",40,26.8,"Colombia","Pre-diabetic","Overweight"
"SRR6267483",29,25.9,"Colombia","Non-diabetic","Overweight"
"SRR6267529",41,27.1,"Colombia","Pre-diabetic","Overweight"
"SRR6267588",45,28,"Colombia","Non-diabetic","Overweight"
"SRR6267654",31,25.3,"Colombia","Non-diabetic","Overweight"
"SRR6267676",35,28.9,"Colombia","Non-diabetic","Overweight"
"SRR6267696",51,32.5,"Colombia","Diabetic","Obese"
"SRR6267432",50,26.2,"Colombia","Non-diabetic","Overweight"
"SRR6267388",33,26.1,"Colombia","Non-diabetic","Overweight"
"SRR6267632",44,28.4,"Colombia","Non-diabetic","Overweight"
"SRR6267557",51,25.3,"Colombia","Non-diabetic","Overweight"
"SRR6267600",51,21.9,"Colombia","Pre-diabetic","Lean"
"SRR6267809",51,22.6,"Colombia","Non-diabetic","Lean"
"SRR6267520",30,29.1,"Colombia","Non-diabetic","Overweight"
"SRR6267670",57,28.9,"Colombia","Non-diabetic","Overweight"
"SRR6267469",57,37,"Colombia","Diabetic","Severe"
"SRR6267663",44,22.2,"Colombia","Non-diabetic","Lean"
"SRR6267664",43,26.6,"Colombia","Non-diabetic","Overweight"
"SRR6267659",61,33.2,"Colombia","Non-diabetic","Obese"
"SRR6267415",54,25.1,"Colombia","Pre-diabetic","Overweight"
"SRR6267522",19,22.3,"Colombia","Non-diabetic","Lean"
"SRR6267575",44,21.9,"Colombia","Non-diabetic","Lean"
"SRR6267786",44,34.8,"Colombia","Non-diabetic","Obese"
"SRR6267545",59,23.2,"Colombia","Diabetic","Lean"
"SRR6267623",46,24.1,"Colombia","Non-diabetic","Lean"
"SRR6267511",46,24.5,"Colombia","Pre-diabetic","Lean"
"SRR6267699",25,28.7,"Colombia","Non-diabetic","Overweight"
"SRR6267672",51,27.6,"Colombia","Non-diabetic","Overweight"
"SRR6267795",58,21.6,"Colombia","Non-diabetic","Lean"
"SRR6267708",32,28.3,"Colombia","Non-diabetic","Overweight"
"SRR6267698",50,30.2,"Colombia","Non-diabetic","Obese"
"SRR6267528",23,21.5,"Colombia","Non-diabetic","Lean"
"SRR6267737",48,28.8,"Colombia","Non-diabetic","Overweight"
"SRR6267721",32,21.3,"Colombia","Non-diabetic","Lean"
"SRR6267464",57,33.6,"Colombia","Pre-diabetic","Obese"
"SRR6267774",35,33.3,"Colombia","Non-diabetic","Obese"
"SRR6267647",49,20.9,"Colombia","Non-diabetic","Lean"
"SRR6267585",59,29.3,"Colombia","Pre-diabetic","Overweight"
"SRR6267642",54,47.4,"Colombia","Pre-diabetic","Severe"
"SRR6267665",49,30.1,"Colombia","Pre-diabetic","Obese"
"SRR6267452",41,22.3,"Colombia","Non-diabetic","Lean"
"SRR6267382",40,31.8,"Colombia","Pre-diabetic","Obese"
"SRR6267662",38,22,"Colombia","Non-diabetic","Lean"
"SRR6267556",35,20.2,"Colombia","Non-diabetic","Lean"
"SRR6267603",52,33.8,"Colombia","Non-diabetic","Obese"
"SRR6267614",57,33,"Colombia","Non-diabetic","Obese"
"SRR6267744",31,20.2,"Colombia","Non-diabetic","Lean"
"SRR6267493",57,29.1,"Colombia","Non-diabetic","Overweight"
"SRR6267771",54,28.5,"Colombia","Non-diabetic","Overweight"
"SRR6267602",52,24.7,"Colombia","Non-diabetic","Lean"
"SRR6267549",41,23.2,"Colombia","Pre-diabetic","Lean"
"SRR6267705",45,25.9,"Colombia","Non-diabetic","Overweight"
"SRR6267444",50,24.2,"Colombia","Non-diabetic","Lean"
"SRR6267778",53,22.5,"Colombia","Non-diabetic","Lean"
"SRR6267477",30,24.7,"Colombia","Pre-diabetic","Lean"
"SRR6267558",49,25.4,"Colombia","Non-diabetic","Overweight"
"SRR6267775",56,24.4,"Colombia","Non-diabetic","Lean"
"SRR6267421",52,33.5,"Colombia","Pre-diabetic","Obese"
"SRR6267687",54,28,"Colombia","Non-diabetic","Overweight"
"SRR6267384",45,26.7,"Colombia","Non-diabetic","Overweight"
"SRR6267389",57,20.6,"Colombia","Pre-diabetic","Lean"
"SRR6267674",46,25.7,"Colombia","Non-diabetic","Overweight"
"SRR6267780",57,22.9,"Colombia","Non-diabetic","Lean"
"SRR6267531",27,33.2,"Colombia","Non-diabetic","Obese"
"SRR6267684",41,24.8,"Colombia","Non-diabetic","Lean"
"SRR6267631",30,42.7,"Colombia","Pre-diabetic","Severe"
"SRR6267606",28,31.5,"Colombia","Non-diabetic","Obese"
"SRR6267544",38,29.5,"Colombia","Non-diabetic","Overweight"
"SRR6267472",53,23.8,"Colombia","Pre-diabetic","Lean"
"SRR6267398",50,27.1,"Colombia","Pre-diabetic","Overweight"
"SRR6267692",41,21,"Colombia","Non-diabetic","Lean"
"SRR6267506",60,33.7,"Colombia","Pre-diabetic","Obese"
"SRR6267816",42,23.6,"Colombia","Non-diabetic","Lean"
"SRR6267527",39,28.4,"Colombia","Non-diabetic","Overweight"
"SRR6267479",38,29.2,"Colombia","Non-diabetic","Overweight"
"SRR6267767",45,28,"Colombia","Non-diabetic","Overweight"
"SRR6267697",46,26,"Colombia","Non-diabetic","Overweight"
"SRR6267635",33,29,"Colombia","Pre-diabetic","Overweight"
"SRR6267793",40,30.4,"Colombia","Pre-diabetic","Obese"
"SRR6267548",45,29.7,"Colombia","Non-diabetic","Overweight"
"SRR6267738",57,33.6,"Colombia","Non-diabetic","Obese"
"SRR6267813",30,28.4,"Colombia","Non-diabetic","Overweight"
"SRR6267749",39,36,"Colombia","Non-diabetic","Severe"
"SRR6267571",38,39.2,"Colombia","Pre-diabetic","Severe"
"SRR6267486",51,23.1,"Colombia","Non-diabetic","Lean"
"SRR6267524",53,33.9,"Colombia","Diabetic","Obese"
"SRR6267441",60,36.4,"Colombia","Pre-diabetic","Severe"
"SRR6267799",32,32.3,"Colombia","Non-diabetic","Obese"
"SRR6267801",55,26.7,"Colombia","Diabetic","Overweight"
"SRR6267649",51,33.3,"Colombia","Diabetic","Obese"
"SRR6267555",32,39.8,"Colombia","Pre-diabetic","Severe"
"SRR6267516",36,24.4,"Colombia","Non-diabetic","Lean"
"SRR6267819",29,27.2,"Colombia","Non-diabetic","Overweight"
"SRR6267488",22,24.1,"Colombia","Non-diabetic","Lean"
"SRR6267394",50,20.2,"Colombia","Non-diabetic","Lean"
"SRR6267573",49,36.7,"Colombia","Non-diabetic","Severe"
"SRR6267713",43,21.3,"Colombia","Pre-diabetic","Lean"
"SRR6267401",41,28.9,"Colombia","Non-diabetic","Overweight"
"SRR6267554",55,37.3,"Colombia","Non-diabetic","Severe"
"SRR6267796",44,21,"Colombia","Non-diabetic","Lean"
"SRR6267612",54,32.7,"Colombia","Diabetic","Obese"
"SRR6267637",55,25.3,"Colombia","Pre-diabetic","Overweight"
"SRR6267466",30,39.4,"Colombia","Pre-diabetic","Severe"
"SRR6267547",28,26.8,"Colombia","Non-diabetic","Overweight"
"SRR6267814",30,28.7,"Colombia","Non-diabetic","Overweight"
"SRR6267752",49,28.4,"Colombia","Pre-diabetic","Overweight"
"SRR6267718",26,26.1,"Colombia","Non-diabetic","Overweight"
"SRR6267562",26,25.8,"Colombia","Non-diabetic","Overweight"
"SRR6267817",41,29.2,"Colombia","Non-diabetic","Overweight"
"SRR6267509",34,26.8,"Colombia","Non-diabetic","Overweight"
"SRR6267561",33,24.2,"Colombia","Non-diabetic","Lean"
"SRR6267646",43,32.1,"Colombia","Non-diabetic","Obese"
"SRR6267417",28,29.9,"Colombia","Pre-diabetic","Overweight"
"SRR6267424",55,34.8,"Colombia","Diabetic","Obese"
"SRR6267386",27,19,"Colombia","Non-diabetic","Lean"
"SRR6267540",32,25.2,"Colombia","Non-diabetic","Overweight"
"SRR6267428",48,30.4,"Colombia","Pre-diabetic","Obese"
"SRR6267492",47,25.4,"Colombia","Pre-diabetic","Overweight"
"SRR6267794",53,24.4,"Colombia","Non-diabetic","Lean"
"SRR6267636",33,23.8,"Colombia","Non-diabetic","Lean"
"SRR6267712",46,23,"Colombia","Non-diabetic","Lean"
"SRR6267746",47,24.7,"Colombia","Pre-diabetic","Lean"
"SRR6267485",32,26.8,"Colombia","Non-diabetic","Overweight"
"SRR6267418",34,25.6,"Colombia","Non-diabetic","Overweight"
"SRR6267625",35,29.9,"Colombia","Non-diabetic","Overweight"
"SRR6267408",37,34.2,"Colombia","Pre-diabetic","Obese"
"SRR6267592",21,29.8,"Colombia","Non-diabetic","Overweight"
"SRR6267785",43,37.8,"Colombia","Diabetic","Severe"
"SRR6267445",28,46.3,"Colombia","Pre-diabetic","Severe"
"SRR6267743",39,27.2,"Colombia","Non-diabetic","Overweight"
"SRR6267570",44,25.6,"Colombia","Non-diabetic","Overweight"
"SRR6267653",42,20.7,"Colombia","Non-diabetic","Lean"
"SRR6267745",54,27.9,"Colombia","Non-diabetic","Overweight"
"SRR6267800",56,27.5,"Colombia","Non-diabetic","Overweight"
"SRR6267812",29,27.4,"Colombia","Non-diabetic","Overweight"
"SRR6267400",33,26.3,"Colombia","Non-diabetic","Overweight"
"SRR6267626",49,27,"Colombia","Non-diabetic","Overweight"
"SRR6267551",22,26.7,"Colombia","Pre-diabetic","Overweight"
"SRR6267806",44,31.5,"Colombia","Pre-diabetic","Obese"
"SRR6267616",59,31.4,"Colombia","Pre-diabetic","Obese"
"SRR6267574",32,32.4,"Colombia","Non-diabetic","Obese"
"SRR6267766",33,25.3,"Colombia","Pre-diabetic","Overweight"
"SRR6267787",41,33.6,"Colombia","Non-diabetic","Obese"
"SRR6267736",35,27.5,"Colombia","Non-diabetic","Overweight"
"SRR6267491",49,26.8,"Colombia","Pre-diabetic","Overweight"
"SRR6267727",50,32.1,"Colombia","Pre-diabetic","Obese"
"SRR6267582",28,37.6,"Colombia","Non-diabetic","Severe"
"SRR6267624",43,37.8,"Colombia","Non-diabetic","Severe"
"SRR6267427",58,31.9,"Colombia","Non-diabetic","Obese"
"SRR6267489",45,30,"Colombia","Non-diabetic","Overweight"
"SRR6267729",27,34.4,"Colombia","Pre-diabetic","Obese"
"SRR6267734",29,27,"Colombia","Non-diabetic","Overweight"
"SRR6267716",39,20.6,"Colombia","Non-diabetic","Lean"
"SRR6267776",21,21.2,"Colombia","Non-diabetic","Lean"
"SRR6267628",50,26.2,"Colombia","Non-diabetic","Overweight"
"SRR6267521",29,24.8,"Colombia","Pre-diabetic","Lean"
"SRR6267621",32,28.3,"Colombia","Pre-diabetic","Overweight"
"SRR6267513",45,25.1,"Colombia","Non-diabetic","Overweight"
"SRR6267412",46,27.8,"Colombia","Pre-diabetic","Overweight"
"SRR6267499",56,28.3,"Colombia","Diabetic","Overweight"
"SRR6267481",62,29.9,"Colombia","Pre-diabetic","Overweight"
"SRR6267802",49,36,"Colombia","Diabetic","Severe"
"SRR6267594",30,24.8,"Colombia","Non-diabetic","Lean"
"SRR6267434",34,38.1,"Colombia","Pre-diabetic","Severe"
"SRR6267673",32,28.5,"Colombia","Non-diabetic","Overweight"
"SRR6267515",51,27.6,"Colombia","Non-diabetic","Overweight"
"SRR6267643",54,26.7,"Colombia","Non-diabetic","Overweight"
"SRR6267650",44,31.8,"Colombia","Diabetic","Obese"
"SRR6267565",28,30.1,"Colombia","Non-diabetic","Obese"
"SRR6267596",31,33.6,"Colombia","Pre-diabetic","Obese"
"SRR6267508",32,24.5,"Colombia","Non-diabetic","Lean"
"SRR6267710",37,28.8,"Colombia","Non-diabetic","Overweight"
"SRR6267409",24,25.3,"Colombia","Non-diabetic","Overweight"
"SRR6267595",34,34.6,"Colombia","Pre-diabetic","Obese"
"SRR6267552",44,30.1,"Colombia","Pre-diabetic","Obese"
"SRR6267402",29,28.2,"Colombia","Pre-diabetic","Overweight"
"SRR6267717",35,31.8,"Colombia","Non-diabetic","Obese"
"SRR6267666",24,33.9,"Colombia","Pre-diabetic","Obese"
"SRR6267639",53,31.4,"Colombia","Pre-diabetic","Obese"
"SRR6267679",23,19.6,"Colombia","Non-diabetic","Lean"
"SRR6267733",24,23.3,"Colombia","Non-diabetic","Lean"
"SRR6267728",32,21,"Colombia","Non-diabetic","Lean"
"SRR6267396",36,36.9,"Colombia","Pre-diabetic","Severe"
"SRR6267688",22,24.1,"Colombia","Non-diabetic","Lean"
"SRR6267748",38,30.4,"Colombia","Pre-diabetic","Obese"
"SRR6267480",47,32.5,"Colombia","Diabetic","Obese"
"SRR6267599",51,22.5,"Colombia","Pre-diabetic","Lean"
"SRR6267773",57,38,"Colombia","Pre-diabetic","Severe"
"SRR6267668",30,23,"Colombia","Non-diabetic","Lean"
"SRR6267512",50,26.6,"Colombia","Non-diabetic","Overweight"
"SRR6267790",51,28,"Colombia","Pre-diabetic","Overweight"
"SRR6267677",28,27.8,"Colombia","Non-diabetic","Overweight"
"SRR6267789",41,20.4,"Colombia","Non-diabetic","Lean"
"SRR6267758",49,27.1,"Colombia","Pre-diabetic","Overweight"
"SRR6267613",49,27.5,"Colombia","Non-diabetic","Overweight"
"SRR6267455",50,28.5,"Colombia","Pre-diabetic","Overweight"
"SRR6267798",20,20,"Colombia","Non-diabetic","Lean"
"SRR6267804",33,24.4,"Colombia","Non-diabetic","Lean"
"SRR6267564",32,24.2,"Colombia","Non-diabetic","Lean"
"SRR6267579",31,30.8,"Colombia","Non-diabetic","Obese"
"SRR6267669",24,24.5,"Colombia","Non-diabetic","Lean"
"SRR6267416",48,26.1,"Colombia","Pre-diabetic","Overweight"
"SRR6267523",41,25.8,"Colombia","Non-diabetic","Overweight"
"SRR6267532",41,28.1,"Colombia","Pre-diabetic","Overweight"
"SRR6267810",43,24,"Colombia","Non-diabetic","Lean"
"SRR6267765",28,30.2,"Colombia","Non-diabetic","Obese"
"SRR6267534",52,27.9,"Colombia","Pre-diabetic","Overweight"
"SRR6267559",32,21.4,"Colombia","Non-diabetic","Lean"
"SRR6267411",34,29.9,"Colombia","Non-diabetic","Overweight"
"SRR6267560",37,36.5,"Colombia","Non-diabetic","Severe"
"SRR6267566",56,27.5,"Colombia","Non-diabetic","Overweight"
"SRR6267731",27,23.2,"Colombia","Non-diabetic","Lean"
"SRR6267448",28,20.6,"Colombia","Non-diabetic","Lean"
"SRR6267435",42,29.3,"Colombia","Pre-diabetic","Overweight"
"SRR6267456",43,27.7,"Colombia","Non-diabetic","Overweight"
"SRR6267818",56,29.5,"Colombia","Pre-diabetic","Overweight"
"SRR6267406",39,23.2,"Colombia","Non-diabetic","Lean"
"SRR6267640",45,23.9,"Colombia","Non-diabetic","Lean"
"SRR6267538",28,29.6,"Colombia","Non-diabetic","Overweight"
"SRR6267572",29,31.5,"Colombia","Pre-diabetic","Obese"
"SRR6267591",31,31.1,"Colombia","Non-diabetic","Obese"
"SRR6267514",48,32.6,"Colombia","Non-diabetic","Obese"
"SRR6267541",22,22,"Colombia","Non-diabetic","Lean"
"SRR6267414",23,24.1,"Colombia","Pre-diabetic","Lean"
"SRR6267546",29,31.5,"Colombia","Non-diabetic","Obese"
"SRR6267463",31,25.7,"Colombia","Non-diabetic","Overweight"
"SRR6267454",59,24.5,"Colombia","Diabetic","Lean"
"SRR6267715",28,28.6,"Colombia","Non-diabetic","Overweight"
"SRR6267630",48,25,"Colombia","Non-diabetic","Lean"
"SRR6267390",29,23.8,"Colombia","Non-diabetic","Lean"
"SRR6267419",45,28,"Colombia","Non-diabetic","Overweight"
"SRR6267458",58,30.9,"Colombia","Pre-diabetic","Obese"
"SRR6267490",39,27.1,"Colombia","Non-diabetic","Overweight"
"SRR6267397",39,32.6,"Colombia","Pre-diabetic","Obese"
"SRR6267542",53,35.7,"Colombia","Pre-diabetic","Severe"
"SRR6267638",57,19,"Colombia","Non-diabetic","Lean"
"SRR6267730",23,21.2,"Colombia","Non-diabetic","Lean"
"SRR6267761",38,28.9,"Colombia","Non-diabetic","Overweight"
"SRR6267772",48,22.8,"Colombia","Non-diabetic","Lean"
"SRR6267644",59,24.4,"Colombia","Pre-diabetic","Lean"
"SRR6267597",28,28,"Colombia","Non-diabetic","Overweight"
"SRR6267792",36,29.7,"Colombia","Non-diabetic","Overweight"
"SRR6267608",40,39.9,"Colombia","Pre-diabetic","Severe"
"SRR6267714",47,26.5,"Colombia","Pre-diabetic","Overweight"
"SRR6267617",24,37.5,"Colombia","Pre-diabetic","Severe"
"SRR6267404",27,32.3,"Colombia","Pre-diabetic","Obese"
"SRR6267433",29,28.8,"Colombia","Non-diabetic","Overweight"
"SRR6267760",37,28.4,"Colombia","Non-diabetic","Overweight"
"SRR6267742",41,28.7,"Colombia","Pre-diabetic","Overweight"
"SRR6267399",51,26.8,"Colombia","Non-diabetic","Overweight"
"SRR6267656",43,26.5,"Colombia","Non-diabetic","Overweight"
"SRR6267380",59,26.1,"Colombia","Non-diabetic","Overweight"
"SRR6267496",38,22.2,"Colombia","Pre-diabetic","Lean"
"SRR6267519",39,29.9,"Colombia","Pre-diabetic","Overweight"
"SRR6267392",18,28.4,"Colombia","Non-diabetic","Overweight"
"SRR6267689",34,22.1,"Colombia","Non-diabetic","Lean"
"SRR6267756",59,29.2,"Colombia","Non-diabetic","Overweight"
"SRR6267740",32,29.7,"Colombia","Pre-diabetic","Overweight"
"SRR6267429",41,23.5,"Colombia","Non-diabetic","Lean"
"SRR6267413",51,27.1,"Colombia","Pre-diabetic","Overweight"
"SRR6267500",35,21.3,"Colombia","Non-diabetic","Lean"
"SRR6267476",28,22.2,"Colombia","Pre-diabetic","Lean"
"SRR6267702",33,24.3,"Colombia","Non-diabetic","Lean"
"SRR6267682",50,39.8,"Colombia","Non-diabetic","Severe"
"SRR6267641",50,28.1,"Colombia","Non-diabetic","Overweight"
"SRR6267751",44,34.3,"Colombia","Non-diabetic","Obese"
"SRR6267502",61,32.2,"Colombia","Non-diabetic","Obese"
"SRR6267618",22,26.3,"Colombia","Pre-diabetic","Overweight"
"SRR6267633",22,46.5,"Colombia","Non-diabetic","Severe"
"SRR6267703",42,26.4,"Colombia","Pre-diabetic","Overweight"
"SRR6267383",23,27.4,"Colombia","Non-diabetic","Overweight"
"SRR6267405",24,28.2,"Colombia","Non-diabetic","Overweight"
"SRR6267459",44,30.4,"Colombia","Non-diabetic","Obese"
"SRR6267403",28,35,"Colombia","Pre-diabetic","Obese"
"SRR6267805",45,26.1,"Colombia","Non-diabetic","Overweight"
"SRR6267550",54,32.9,"Colombia","Non-diabetic","Obese"
"SRR6267753",59,32.2,"Colombia","Pre-diabetic","Obese"
"SRR6267755",36,29.9,"Colombia","Pre-diabetic","Overweight"
"SRR6267577",41,21.5,"Colombia","Pre-diabetic","Lean"
"SRR6267504",41,35.8,"Colombia","Diabetic","Severe"
"SRR6267615",29,27.1,"Colombia","Non-diabetic","Overweight"
"SRR6267604",43,27,"Colombia","Non-diabetic","Overweight"
"SRR6267645",54,24.1,"Colombia","Pre-diabetic","Lean"
"SRR6267587",57,25.8,"Colombia","Diabetic","Overweight"
"SRR6267634",29,27,"Colombia","Non-diabetic","Overweight"
"SRR6267590",48,33,"Colombia","Non-diabetic","Obese"
"SRR6267791",57,22.2,"Colombia","Pre-diabetic","Lean"
"SRR6267478",26,35.3,"Colombia","Non-diabetic","Severe"
"SRR6267537",47,31.7,"Colombia","Diabetic","Obese"
"SRR6267581",37,23.3,"Colombia","Non-diabetic","Lean"
"SRR6267671",41,31,"Colombia","Non-diabetic","Obese"
"SRR6267482",42,28.4,"Colombia","Non-diabetic","Overweight"
"SRR6267803",45,26.2,"Colombia","Non-diabetic","Overweight"
"SRR6267601",18,20.9,"Colombia","Non-diabetic","Lean"
"SRR6267784",24,27.4,"Colombia","Non-diabetic","Overweight"
"SRR6267781",26,26.4,"Colombia","Non-diabetic","Overweight"
"SRR6267667",37,36.2,"Colombia","Pre-diabetic","Severe"
"SRR6267797",43,26.1,"Colombia","Non-diabetic","Overweight"
"SRR6267443",56,31.9,"Colombia","Non-diabetic","Obese"
"SRR6267422",22,28.3,"Colombia","Non-diabetic","Overweight"
"SRR6267407",33,26.4,"Colombia","Non-diabetic","Overweight"
"SRR6267473",52,20.9,"Colombia","Non-diabetic","Lean"
"SRR6267788",52,22.6,"Colombia","Pre-diabetic","Lean"
"SRR6267720",32,31.3,"Colombia","Non-diabetic","Obese"
"SRR6267453",21,27.8,"Colombia","Non-diabetic","Overweight"
"SRR6267460",43,33.1,"Colombia","Non-diabetic","Obese"
"SRR6267770",40,31.2,"Colombia","Pre-diabetic","Obese"
"SRR6267763",40,31.6,"Colombia","Pre-diabetic","Obese"
"SRR6267732",43,22.8,"Colombia","Non-diabetic","Lean"
"SRR6267423",52,33.5,"Colombia","Non-diabetic","Obese"
"SRR6267501",26,22.1,"Colombia","Non-diabetic","Lean"
"SRR6267525",56,33.6,"Colombia","Pre-diabetic","Obese"
"SRR6267446",38,33.1,"Colombia","Non-diabetic","Obese"
"SRR6267619",56,32.6,"Colombia","Pre-diabetic","Obese"
"SRR6267461",29,28.5,"Colombia","Non-diabetic","Overweight"
"SRR6267578",39,38,"Colombia","Non-diabetic","Severe"
"SRR6267724",44,32.1,"Colombia","Non-diabetic","Obese"
"SRR6267503",23,37.9,"Colombia","Non-diabetic","Severe"
"SRR6267426",25,41.2,"Colombia","Non-diabetic","Severe"
"SRR6267711",34,30.8,"Colombia","Non-diabetic","Obese"
"SRR6267497",58,30.9,"Colombia","Diabetic","Obese"
"SRR6267811",37,27,"Colombia","Pre-diabetic","Overweight"
"SRR6267563",34,18.6,"Colombia","Non-diabetic","Lean"
"SRR6267536",57,27.3,"Colombia","Pre-diabetic","Overweight"
"SRR6267690",44,27.9,"Colombia","Non-diabetic","Overweight"
"SRR6267543",55,25.3,"Colombia","Pre-diabetic","Overweight"
"SRR6267425",32,28.5,"Colombia","Non-diabetic","Overweight"
"SRR6267474",30,22.6,"Colombia","Non-diabetic","Lean"
"SRR6267769",43,22.4,"Colombia","Non-diabetic","Lean"
"SRR6267440",48,28.8,"Colombia","Non-diabetic","Overweight"
"SRR6267451",56,25.4,"Colombia","Non-diabetic","Overweight"
"SRR6267694",26,29.3,"Colombia","Non-diabetic","Overweight"
"SRR6267706",59,31.4,"Colombia","Non-diabetic","Obese"
"SRR6267658",48,24.5,"Colombia","Pre-diabetic","Lean"
"SRR6267735",33,21.6,"Colombia","Non-diabetic","Lean"
"SRR6267510",40,33.4,"Colombia","Non-diabetic","Obese"
"SRR6267680",47,36.5,"Colombia","Non-diabetic","Severe"
"SRR6267652",52,22.3,"Colombia","Non-diabetic","Lean"
"SRR6267449",32,20.1,"Colombia","Non-diabetic","Lean"
"SRR6267436",34,24.5,"Colombia","Non-diabetic","Lean"
"SRR6267530",56,32.8,"Colombia","Non-diabetic","Obese"
"SRR6267507",60,27.5,"Colombia","Non-diabetic","Overweight"
"SRR6267447",26,33.5,"Colombia","Pre-diabetic","Obese"
"SRR6267569",30,24.2,"Colombia","Non-diabetic","Lean"
"SRR6267741",42,26.3,"Colombia","Pre-diabetic","Overweight"
"SRR6267568",49,24.1,"Colombia","Non-diabetic","Lean"
"SRR6267465",26,22.6,"Colombia","Non-diabetic","Lean"
"SRR6267681",43,23.6,"Colombia","Non-diabetic","Lean"
"SRR6267651",29,24.7,"Colombia","Non-diabetic","Lean"
"SRR6267747",41,21.3,"Colombia","Pre-diabetic","Lean"
"SRR6267704",52,23,"Colombia","Pre-diabetic","Lean"
"SRR6267675",54,24.3,"Colombia","Non-diabetic","Lean"
"SRR6267783",21,24.4,"Colombia","Non-diabetic","Lean"
"SRR6267593",21,25.3,"Colombia","Pre-diabetic","Overweight"
"SRR6267553",33,24.3,"Colombia","Pre-diabetic","Lean"
"SRR6267576",44,34.2,"Colombia","Non-diabetic","Obese"
"SRR6267648",54,20.4,"Colombia","Non-diabetic","Lean"
"SRR6267385",49,24.7,"Colombia","Pre-diabetic","Lean"
"SRR6267410",44,23.3,"Colombia","Diabetic","Lean"
"SRR6267467",24,25,"Colombia","Non-diabetic","Lean"
"SRR6267764",33,19.6,"Colombia","Non-diabetic","Lean"
"SRR6267685",52,24.1,"Colombia","Pre-diabetic","Lean"
"SRR6267607",53,28.9,"Colombia","Pre-diabetic","Overweight"
"SRR6267430",53,24.5,"Colombia","Pre-diabetic","Lean"
"SRR6267495",28,31.5,"Colombia","Non-diabetic","Obese"
"SRR6267620",41,26,"Colombia","Pre-diabetic","Overweight"
"SRR6267693",56,34.1,"Colombia","Pre-diabetic","Obese"
"SRR6267518",35,20.9,"Colombia","Non-diabetic","Lean"
"SRR6267487",46,22.8,"Colombia","Non-diabetic","Lean"
"SRR6267723",51,38.1,"Colombia","Non-diabetic","Severe"
"SRR6267657",47,34.9,"Colombia","Non-diabetic","Obese"
"SRR6267475",21,20.9,"Colombia","Non-diabetic","Lean"
"SRR6267583",47,31.7,"Colombia","Pre-diabetic","Obese"
"SRR6267759",56,30.2,"Colombia","Pre-diabetic","Obese"
"SRR6267539",33,27.2,"Colombia","Non-diabetic","Overweight"
"SRR6267484",56,32.5,"Colombia","Non-diabetic","Obese"
"SRR6267707",44,22.1,"Colombia","Non-diabetic","Lean"
"SRR6267629",46,25.6,"Colombia","Non-diabetic","Overweight"
"SRR6267701",50,32.8,"Colombia","Pre-diabetic","Obese"
"SRR6267815",55,24.2,"Colombia","Non-diabetic","Lean"
"SRR6267533",42,32.5,"Colombia","Pre-diabetic","Obese"
"SRR6267661",32,31.8,"Colombia","Non-diabetic","Obese"
"SRR6267726",60,26.8,"Colombia","Non-diabetic","Overweight"
"SRR6267470",23,20.6,"Colombia","Non-diabetic","Lean"
"SRR6267722",34,27.6,"Colombia","Non-diabetic","Overweight"
"SRR6267754",25,28.1,"Colombia","Non-diabetic","Overweight"
"SRR6267442",28,23.1,"Colombia","Non-diabetic","Lean"
"SRR6267777",61,31.5,"Colombia","Non-diabetic","Obese"
"SRR6267725",34,31,"Colombia","Non-diabetic","Obese"
"SRR6267782",38,29.7,"Colombia","Pre-diabetic","Overweight"
"SRR6267691",40,22.7,"Colombia","Non-diabetic","Lean"
"SRR6267719",30,23,"Colombia","Non-diabetic","Lean"
"SRR6267395",43,24.2,"Colombia","Non-diabetic","Lean"
"SRR6267437",44,30.4,"Colombia","Non-diabetic","Obese"
"SRR6267505",47,23.3,"Colombia","Non-diabetic","Lean"
"SRR6267808",34,23.5,"Colombia","Non-diabetic","Lean"
"SRR6267622",39,31.7,"Colombia","Non-diabetic","Obese"
"SRR6267655",47,22.7,"Colombia","Non-diabetic","Lean"
"SRR6267468",55,23.4,"Colombia","Non-diabetic","Lean"
"SRR6267757",31,29.2,"Colombia","Non-diabetic","Overweight"
"SRR6267580",48,35.5,"Colombia","Non-diabetic","Severe"
"SRR6267494",51,30.4,"Colombia","Pre-diabetic","Obese"
"SRR6267387",40,28.5,"Colombia","Non-diabetic","Overweight"
"SRR6267611",29,32.4,"Colombia","Non-diabetic","Obese"
"SRR6267471",49,24.5,"Colombia","Pre-diabetic","Lean"
"SRR6267695",41,33.4,"Colombia","Non-diabetic","Obese"
"SRR6267567",47,22.8,"Colombia","Non-diabetic","Lean"
"SRR6267457",41,31.8,"Colombia","Pre-diabetic","Obese"
"SRR6267584",22,27.4,"Colombia","Non-diabetic","Overweight"
"SRR6267779",60,24.7,"Colombia","Pre-diabetic","Lean"
"SRR6267750",49,27.7,"Colombia","Non-diabetic","Overweight"
"SRR6267393",27,24.9,"Colombia","Non-diabetic","Lean"
"SRR6267609",24,20.8,"Colombia","Non-diabetic","Lean"
"SRR6267739",39,22.9,"Colombia","Pre-diabetic","Lean"
"SRR6267700",20,24.6,"Colombia","Non-diabetic","Lean"
"SRR6267438",38,21.5,"Colombia","Non-diabetic","Lean"
"SRR6267431",29,25.8,"Colombia","Non-diabetic","Overweight"
"SRR6267678",54,25.7,"Colombia","Non-diabetic","Overweight"
"SRR6267709",27,26.3,"Colombia","Non-diabetic","Overweight"
"SRR6267598",30,20.6,"Colombia","Pre-diabetic","Lean"
"SRR6267768",44,25.8,"Colombia","Non-diabetic","Overweight"
"SRR6267762",45,26.9,"Colombia","Non-diabetic","Overweight"
"SRR6267586",18,20.8,"Colombia","Non-diabetic","Lean"
"SRR6267381",41,23.2,"Colombia","Pre-diabetic","Lean"
"SRR6267462",28,29,"Colombia","Non-diabetic","Overweight"
"SRR6267526",46,26.2,"Colombia","Pre-diabetic","Overweight"
"SRR6267391",26,23.2,"Colombia","Non-diabetic","Lean"
"SRR6267589",49,20.1,"Colombia","Non-diabetic","Lean"
"SRR6267535",35,28.1,"Colombia","Non-diabetic","Overweight"
"SRR6267660",55,26.8,"Colombia","Non-diabetic","Overweight"
"SRR6267627",27,26.7,"Colombia","Non-diabetic","Overweight"
"SRR6267683",49,26.4,"Colombia","Pre-diabetic","Overweight"
"SRR6267379",33,42.9,"Colombia","Pre-diabetic","Severe"
